name,ingredients,instructions,preparation_time,cooking_time,total_time,image_url,source
Zaalouk Dip ,"2 large aubergines (600g)  - 4 medium tomatoes (320g), seeded and chopped - 3 tablespoons olive oil - 3 garlic cloves, minced or pressed  - 2 teaspoons paprika  - 2 teaspoons ground cumin - 1 teaspoon salt  - ¼ teaspoon caster sugar ","• Remove 3 vertical strips of skin from each aubergine. Discard the vertical strips and cut the aubergines in large cubes. • Heat the olive oil in a large pan and add the aubergines, tomatoes, garlic, paprika, cumin, salt and sugar. Cover over medium-low heat until the vegetables are soft, about 25 to 35 minutes. Stir occasionally to make sure the vegetables don’t stick to the pan. ",15,30,45,https://images.squarespace-cdn.com/content/v1/54d4153ce4b00c0e483c13a6/3a66da93-bb56-418c-9f31-c8a7d64d8534/zaalouk+dip.jpg,https://www.mymoroccanfood.com/home/2022/10/17/zaalouk-dip
Peach and tomato salad with orange blossom and honey dressing,"3 peaches, segmented  - 150g cherry tomatoes (or chopped vine tomatoes), halved - 80g rocket salad leaves  - 100g crumbled feta (or any other soft cheese) - Chopped hazelnuts (or any type of nuts)","• In a large mixing bowl, add all the dressing ingredients together and stir until smooth.",15,38,53,https://images.squarespace-cdn.com/content/v1/54d4153ce4b00c0e483c13a6/0ef47bc7-7588-44aa-b30c-ac09ab8c43e9/Peach+and+tomato+salad+with+orange+blossom+and+honey+dressing,https://www.mymoroccanfood.com/home/peach-and-tomato-salad-with-orange-blossom-and-honey-dressing
Kefta meatballs and tomato sauce tagine with jalapeño & herb yoghurt sauce ,"2 tablespoons olive oil - 2 garlic cloves, crushed or finely chopped  - 1 can peeled tomatoes (400gr/14 oz.)  - 10g flat leaf parsley, finely chopped  - 10g coriander, finely chopped   - 1 teaspoon ground cumin  - 1 teaspoon paprika - ½ teaspoon salt or more to taste - ½ teaspoon sugar - ¼ teaspoon ground black pepper  ",Lightly pickled onions ,20,60,80,https://images.squarespace-cdn.com/content/v1/54d4153ce4b00c0e483c13a6/1631711049864-QW4RSYM9D9OSPLJ3Q3L3/KEFTA+AND+TOMATO+TAGINE.jpg,https://www.mymoroccanfood.com/home/kefta-meatballs-and-tomato-tagine
Sesame seeds gazelle horns with rainbow sprinkles,"150g sesame seeds - 250g ground almond  - 120g caster sugar - 2 tablespoons orange blossom water  - 40g unsalted butter, softened - ¼ teaspoon salt -  ¼ pinch of ground cinnamon - 2 tablespoons rainbow sugar sprinkles  - 2 egg whites"," • Preheat the oven to 200°C (180°C fan), Gas Mark 6. Spread the sesame seeds out on a baking tray and roast for 7–10 minutes or until golden, stirring halfway through to make sure that they roast evenly. Remove from the oven, tip the sesame seeds into a shallow bowl and leave to cool. Leave the oven on at the same temperature. ",15,22,37,https://images.squarespace-cdn.com/content/v1/54d4153ce4b00c0e483c13a6/1620821417545-KPDF6ZTIF4SA0XWVQSYE/IMG_7767%2B3.jpg,https://www.mymoroccanfood.com/home/sesame-seeds-gazelle-horns-with-rainbow-sprinkles
Moroccan spiced fish fillets and bell peppers in tomato sauce ,"2 tablespoons olive oil             - 1 large onions, sliced   - 1 can chopped tomatoes         - 60ml vegetable stock or water  - 1 green bell pepper, cored, deseeded and sliced into strips - 1 red bell pepper, cored, deseeded and sliced into strips      - 1 small carrot, peeled and sliced         - 60g celery, finely chopped      - 10g finely chopped fresh coriander and more to serve  - 1 ½ teaspoon paprika - 1 teaspoon ground cumin - ½ teaspoon ground ginger - ½ teaspoon salt - ½ teaspoon caster sugar          - ¼ teaspoon ground black pepper  - 4 sea bream fillets       - 50g crumbled feta cheese"," • Heat the olive oil in a large saucepan over a medium-low heat. Add the onion slices, cover the pan and leave to cook for about 10 minutes or until they are soft and translucent, stirring occasionally.",10,23,33,https://images.squarespace-cdn.com/content/v1/54d4153ce4b00c0e483c13a6/1611246094007-WJF7QI8K0FG8EZYAI6F5/6.jpg,https://www.mymoroccanfood.com/home/moroccan-spiced-fish-fillets-and-bell-peppers-in-tomato-sauce
Baghrir pancakes with brown butter spiced apples ,125g of fine semolina - 20g plain flour  - 1 tablespoon caster sugar - ½ heaped teaspoon active dry yeast - ¼ teaspoon salt - 250ml warm water   - 1 teaspoon baking powder,"• In a blender insert the semolina, flour, sugar, yeast and salt. Add the warm water and blend until there are no lumps and the batter is smooth.   If you don’t have a blender place all the ingredients in a large bowl and use an electric whisk instead of a blender.",15,20,35,https://images.squarespace-cdn.com/content/v1/54d4153ce4b00c0e483c13a6/1605979333689-VS37Y498SEEZWBV8UFJ9/apple%2Bbaghrir_-7.jpg,https://www.mymoroccanfood.com/home/baghrir-pancakes-with-brown-butter-spiced-apples
Ras El Hanout and chocolate chunk pumpkin bread,"260g plain flour - 1 1/2 teaspoons baking powder - 1/2 teaspoon baking soda - 2 teaspoon ras el hanout - 1 teaspoon salt - 180g brown sugar  - 2 large eggs  - 120g butter, melted and more for buttering the pan - 60ml black tea (black tea bag soaked in hot water) -  2 teaspoons vanilla extract - 320g pumpkin puree - 140g dark chocolate chunks or chips",Ras el hanout sugar (optional),34,34,68,https://images.squarespace-cdn.com/content/v1/54d4153ce4b00c0e483c13a6/1603460480336-TIWM8IWE5ZDGW539VBI5/IMG_3733.jpg,https://www.mymoroccanfood.com/home/ras-el-hanout-and-chocolate-chunk-pumpkin-bread
Sweet Chermoula Whole Roasted Cauliflower,"5 tablespoons olive oil - 4 tablespoons clear honey - 3 garlic cloves, peeled and crushed - 3 tablespoons lemon juice - 30g fresh coriander, finely chopped - 3 teaspoons paprika - 2 teaspoons ground cumin - 1 ¼ teaspoons salt, or more to taste - 1 medium sized whole cauliflower (roughly 600gr)  - Flaked almonds for garnish, if desired  - Lettuce leaves to serve, if desired ", • Preheat the oven to 200°C (180°C fan) and stir all the ingredients for the sweet chermoula together in a bowl until smooth. Alternatively you can place all the ingredients in a food processor. ,15,20,35,https://images.squarespace-cdn.com/content/v1/54d4153ce4b00c0e483c13a6/1558017183427-KR7E390DNAW3BYO3ZQQC/Sweet+chermoula+whole+roasted+cauliflower+-6.jpg,https://www.mymoroccanfood.com/home/sweet-chermoula-whole-roasted-cauliflower
Rfissa Express – Fragrant chicken and lentils with papardelle,"4 tablespoons olive oil - 4 large chicken legs - 3 large onions, sliced  - 20g fresh coriander, finely chopped and more for garnish, if desired  - 3 garlic cloves, peeled and crushed - 1 teaspoon ground turmeric - 1 teaspoon ground ginger - 1 teaspoon ras el hanout - ¾ teaspoon salt, or more to taste - ¼ teaspoon ground black pepper - 1 pinch saffron threads  - 200ml vegetable or chicken stock - 1 x 400g can green lentils, drained  - 500g papardelle, cooked according the packaging "," • Heat 2 tablespoons of the olive oil in a large saucepan over a medium-high heat. Add the chicken legs (in batches if necessary), skin-side down, and sear for about 5 minutes until golden brown. Make sure that the oil is very hot before adding the chicken – you should hear a sizzle when the skin touches the pan, otherwise it isn’t hot enough. The skin will be released naturally from the chicken flesh once seared, so don’t be tempted to remove it beforehand. Transfer the seared chicken to a dish and set aside until you are ready to use it. ",30,60,90,https://images.squarespace-cdn.com/content/v1/54d4153ce4b00c0e483c13a6/1551962083552-MS4MD9H9TX0VQQAGS215/Rfissa+Express+-6.jpg,https://www.mymoroccanfood.com/home/rfissa-express-fragrant-chicken-and-lentils-with-papardelle
Crispy Harissa Chickpea Caesar Salad ,500g drained chickpeas - 2 tablespoons olive oil - 2 tablespoons harissa ,"• Preheat the oven to 180 C and line a roasting tray with baking paper. Rinse and drain the chickpeas thoroughly and use a tea towel to pat them dry. Transfer the chickpeas, olive oil and harissa in a large mixing bowl. Use your hands to cover all the chickpeas with the harissa and transfer in the lined baking tray. Roast for 35 to 40 minutes giving the chickpeas a good stir every now and then until they are baked and crisp. ",22,36,58,https://images.squarespace-cdn.com/content/v1/54d4153ce4b00c0e483c13a6/1547650926044-1EZ03Y29B8CFU22SV3UE/Crispy+harissa+chickpea+ceasar+salad+-1-2.jpg,https://www.mymoroccanfood.com/home/crispy-harissa-chickpea-ceasar-salad
Chebakia and white chocolate cookies,"4 tablespoons toasted sesame seeds  - 430gr plain flour - 1 ½ teaspoons baking powder - 1 ½ teaspoons baking soda - ½ teaspoon salt - ½ teaspoon ground cinnamon - ½ teaspoon ground aniseed - ½ teaspoon ground turmeric - 250ml unsalted butter, melted and cooled slightly  - 200gr brown sugar - 90gr granulated sugar - 2 large eggs  - 1 teaspoon vanilla extract - 200gr white chocolate pieces (chunks or chips) - 4 tablespoons clear honey - 2 tablespoons orange blossom water ","Use a pestle and a mortar or coffee grinder (or a small food processor) to finely ground the sesame seeds. Take care not to overgrind them, otherwise they could turn into sesame seed butter.  ",30,120,150,https://images.squarespace-cdn.com/content/v1/54d4153ce4b00c0e483c13a6/1544296845348-965CWPNMB6BAKNU53FT2/chebakia+white+chocolate+cookie+-5.jpg,https://www.mymoroccanfood.com/home/chebakia-and-white-chocolate-cookies
"Artichoke Tagine with Peas, Baby Potatoes and Preserved Lemon (vegan)","2 tablespoons olive oil - 2 large onions chopped or sliced (400 gr) - 2 teaspoons finely chopped garlic (about 2 to 3 cloves) - ½ teaspoon ground turmeric - ½ teaspoon ground dried ginger - ¾ teaspoon salt or more to taste - ¼ teaspoon ground black pepper - 1 ½ to 2 cups vegetable stock (300 ml to 450 ml) - 400 gr baby potatoes - 1 medium size preserved lemon - 10 medium size artichoke bottoms (600 gr) - 200 gr green peas - 150 gr red-brown olives, like kalamatas - Chopped coriander for garnish","• In a large casserole, heat the olive oil and add the onions over medium heat. Cover with a lid and leave the onions until they are soft and translucent, about 10 min. This will allow to sweat the onions.",20,23,43,https://images.squarespace-cdn.com/content/v1/54d4153ce4b00c0e483c13a6/1454852012206-8M19XH3T1RI21DMIPU1I/image-asset.jpeg,https://www.mymoroccanfood.com/home/artichoke-tagine-with-peas-and-preserved-lemon-vegan
Brown butter and orange blossom apple galette with crumble top,"60g unsalted butter  - 550g apples (about 4 medium ones), cored and sliced  - 50g g caster sugar - Juice of half a lemon (about 2 tablespoons) - 2 tablespoons plain flour  - 1 teaspoon orange blossom water - 1 teaspoon vanilla extract - ¼ heaped teaspoon salt  - 280g premade or store bought shortcrust pastry sheet    - Vanilla ice cream to serve, if desired ", For the crumble,36,62,98,https://images.squarespace-cdn.com/content/v1/54d4153ce4b00c0e483c13a6/1539813809726-HH47H1AM74UI7VJTX27Y/orange+blossom+apple+galette+with+crumble+top+-7.jpg,https://www.mymoroccanfood.com/home/brown-butter-and-orange-blossom-apple-galette-with-crumble-top
"Artichoke, green peas and preserved lemon salad","3 tablespoons olive oil - 2 garlic cloves, peeled and crushed - 2 small preserved lemons, flesh and rind finely chopped - ½ teaspoon ground turmeric - ½ teaspoon ground ginger - 200g frozen green peas - 2 tablespoons finely chopped coriander - ¼ teaspoon salt, or more to taste - Generous pinch ground black pepper - 200g drained precooked artichokes, roughly chopped - 60g drained red-brown olives, such as Kalamata, pitted and roughly chopped","• Heat the olive oil in a large saucepan over a medium heat. Mix in the garlic, preserved lemon, ground turmeric and ground ginger and fry for a minute until the oil is fragrant.",30,38,68,https://images.squarespace-cdn.com/content/v1/54d4153ce4b00c0e483c13a6/1535795843190-071IRX6OS0M0K30ATI2H/Belazu+-1-2.jpg,https://www.mymoroccanfood.com/home/artichoke-green-peas-and-preserved-lemon-salad
Moroccan Mint Tea Infused Chocolate Truffles,"250 ml double cream - 20 gr butter - 3 teaspoons loose gunpowder green tea leaves - A handful of fresh mint leaves - 200 gr dark chocolate (70%), chopped - 3 tablespoons honey - ½ teaspoon vanilla extract - 1 cup cocoa powder to coat the truffles",• In a deep skillet transfer the cream and the butter and bring to a boil. Remove from the heat and add the green tea and mint leaves. Leave to steep for 30 min.,23,81,104,https://images.squarespace-cdn.com/content/v1/54d4153ce4b00c0e483c13a6/1459535269056-IPVBZ8057YBU2Z52Q1JS/image-asset.jpeg,https://www.mymoroccanfood.com/home/moroccan-mint-tea-infused-chocolate-truffles
"Bakoula, feta and pine nuts hand pies ","2 tablespoons olive oil - 400g Swiss chard, stalks removed, leaves cut into strips 3cm wide - 2 tablespoons finely chopped flat leaf parsley - 1 tablespoons finely chopped fresh coriander - 1 tablespoons lemon juice - 2 garlic cloves, peeled and crushed - 1 teaspoons paprika - ½ teaspoon ground cumin - ¼ teaspoon salt, or more to taste - 60g feta, crumbled - 2 tablespoons pine nuts - 320g ready-rolled shortcrust pastry sheets - 1 egg, beaten to brush the pastry ",•   Preheat the oven to 220°C (200°C fan). ,39,79,118,https://images.squarespace-cdn.com/content/v1/54d4153ce4b00c0e483c13a6/1529534998290-KNLLG8FZQX9TSB6FTUQQ/Bakoula+feta+and+pinutes+handpies+-6.jpg,https://www.mymoroccanfood.com/home/bakoula-feta-and-pine-nuts-hand-pies
Orange and Cardamom Ghriba,"200 gr plain flour - 80 gr caster sugar - 40 gr sesame seeds toasted and ground - Zest of 2 oranges - ½ teaspoon freshly ground cardamom - ½ teaspoon baking powder - ¼ teaspoon salt - 70 gr unsalted butter, softened - 70 ml flavourless oil such as sunflower or canola oil - ½ teaspoon vanilla extract",• Preheat oven to 170 C ( 335F). ,38,8,46,https://images.squarespace-cdn.com/content/v1/54d4153ce4b00c0e483c13a6/1523549872907-HIBY8FRL9DLIA58SA8D1/orange+and+cardamom+ghirba+bahla+-4.jpg,https://www.mymoroccanfood.com/home/orange-and-cardamom-ghriba-my-first-supper-club
"Rhubarb, ginger and rose crumble ","500 gr rhubarb - 10 gr unsalted butter for greasing - 45 gr ginger stem, finely chopped - 3 tablespoons syrup for the ginger stem jar - 5 tablespoons light brown sugar - 2 teaspoons rose water - 200 gr plain flour - pinch salt - ½ teaspoon ground ginger - 130 gr unsalted cold butter  - 70 gr caster sugar - Labneh, greek yoghurt, custard or ice cream to serve, if desired - Rose petals for garnish, if desired",• Preheat oven to 200 C / 400 F. Grease an oven proof dish with the butter and set aside (I used a 20 cm/8 inch round tin).,57,84,141,https://images.squarespace-cdn.com/content/v1/54d4153ce4b00c0e483c13a6/1521324811706-GQSCB1POVCX7J4A2LCGL/Rhubarb+ginger+and+rose+crumble+-10.jpg,https://www.mymoroccanfood.com/home/rhubarb-ginger-and-rose-crumble
"Ras El Hanout Sweet Potato + Feta, Mint and Preserved Lemon Msemen Wrap","150 gr plain flour and more for kneading - 150 gr semolina flour and more for flouring  - ½ teaspoon salt - 120 to 170 ml lukewarm water - 4 tablespoons vegetable oil, divided and more for drizzling  - 20 gr melted butter","• In a large bowl mix all the flours, salt, 120 ml water and 2 tablespoons vegetable oil to form a dough. If the mixture is too dry and you can’t form a dough, add a couple tablespoons of water bit by bit. Make sure you don’t add too much water to the dough because it will make your dough very sticky and you won't be able to knead it. If that happens, add a bit of flour. When your dough is nicely done, lightly flour a worktop and knead for 15 minutes until light and soft.",64,73,137,https://images.squarespace-cdn.com/content/v1/54d4153ce4b00c0e483c13a6/1519139997886-XA3O10QOO2SC2HPHRNW7/Msemen+wrap+-1-2.jpg,https://www.mymoroccanfood.com/home/ras-el-hanout-sweet-potato-feta-mint-and-preserved-lemon-msemen-wrap
Moroccan Medley Salad Bowl ,"2 Avocados, chopped - 200 gr cherry tomatoes, halved - 1 batch of bakoula  - 1 batch of taktouka - 1 batch of carrot salad - 1 batch of preserved lemon and apricot couscous salad (recipe below) - A handful toasted flaked almonds, to serve  - Olive oil, to serve - 2 lemons, halved, to serve","• In a medium bowl, mix the avocado and the tomatoes to make a salad. Place a serving of each salad in 4 separate bowls; sprinkle each bowl with toasted flaked almonds. Serve immediately with olive oil and lemon halves on the side.",20,0,20,https://images.squarespace-cdn.com/content/v1/54d4153ce4b00c0e483c13a6/1517485882974-GXWPUCO94OO0BQ1H3V43/IMG_4990.jpg,https://www.mymoroccanfood.com/home/moroccan-medley-salad-bowl
Fekkas Cereals (Mini Biscottis),"180 gr plain flour and more for flouring  - 100 gr caster sugar - 3 tablespoons toasted sesame seeds - 1 teaspoon aniseeds - ½ teaspoon baking powder - Pinch salt - 30 ml vegetable oil - 1 large egg - 1 tablespoon orange blossom water - Desired choice and amount of dried fruits and nuts such as cranberry, pistachios and hazelnuts - Milk to serve",• Preheat the oven to 180 C (356 F),40,58,98,https://images.squarespace-cdn.com/content/v1/54d4153ce4b00c0e483c13a6/1515502533833-B0AKPG1J9RL1U8KTLSE5/Mini+fekkas+cereal+-11.jpg,https://www.mymoroccanfood.com/home/fekkas-cereals-mini-biscottis
"Shrimp, preserved lemon and saffron mac and cheese","50 gr unsalted butter - ¼ teaspoon paprika - 50 gr plain flour - 650 ml milk - 180 gr grated mature cheddar or Gruyere or mix of both + 4 tablespoons mature cheddar for topping - Salt and pepper to season - 2 tablespoons olive oil - 3 small preserved lemons, finely chopped - 3 garlic, peeled and crushed - 2 generous pinches of saffron - 300 gr shrimps, peeled and chopped - 350 gr macaroni - 3 tablespoons breadcrumbs, any type","• Start by making the white sauce. Melt the butter in a large deep skillet or saucepan over low heat, then add the flour and paprika. Stir vividly for 2 minutes using a wooden spoon until you obtain a smooth paste. For your information this paste is called a “roux”.",10,21,31,https://images.squarespace-cdn.com/content/v1/54d4153ce4b00c0e483c13a6/1513037547384-Y9FF6RG9XDULCQ4SDQ4Q/Shrimp%2C+preserved+lemon+and+saffron+mac+and+cheese+-4.jpg,https://www.mymoroccanfood.com/home/shrimp-preserved-lemon-and-saffron-mac-and-cheese
Zaalouk Focaccia ,"2 teaspoons dry yeast - 1 ½ teaspoon caster sugar - 300 gr plain flour and more for flouring - 7 tablespoons extra virgin olive oil, divided - 1 teaspoon salt - 160-200 ml warm water - One quantity of my zaalouk recipe - A handful chopped coriander and crumbled feta to serve",• Activate the dry yeast by adding ¼ teaspoon of sugar and a tablespoon of warm water in a small bowl. Stir with a fork and leave for 5 minutes to activate the dry yeast.,34,57,91,https://images.squarespace-cdn.com/content/v1/54d4153ce4b00c0e483c13a6/1511977456314-NW0QI141UG4WKO9R4SMD/IMG_4338.jpg,https://www.mymoroccanfood.com/home/zaalouk-focaccia
Saffron Chorba with Roasted Aubergine and Sweet Potatoes (Vegan),"2 large sweet potatoes (2 x 250g) peeled and cut into 2 cm chunks - 2 large aubergines (2 x 250g) cut into 2 cm chunks - 2 tablespoons olive oil - 2 onions, finely sliced - 2 medium sized tomatoes, grated - 2 tablespoons tomato paste - ½ teaspoon ground turmeric - 2 very generous pinches of saffron - 1 teaspoon salt or more to taste - ½ teaspoon ground black pepper - 500 ml vegetable stock - 1 x 400 can chickpeas, rinsed and drained - 100 gr spaghetti broken into 3 cm long pieces - Chopped parsley and more for serving","• Preheat the oven to 200 C. Place the aubergine and the sweet potato chunks in a large roasting tray, drizzle with a bit of olive oil and sprinkle with a bit of salt. Transfer in the oven and bake until tender and golden, about 25 to 30 minutes. Set aside until ready to use.",23,40,63,https://images.squarespace-cdn.com/content/v1/54d4153ce4b00c0e483c13a6/1509413047960-0G577COSTLL3JCPZ6L9A/Vegan+chorba+with+roasted+aubergine+and+sweet+potatoes+-10.jpg,https://www.mymoroccanfood.com/home/saffron-vegan-chorba-with-roasted-aubergine-and-sweet-potatoes
Merendina,200 gr 70% dark chocolate - 200 gr double cream - 50 gr icing sugar,"• Start with the ganache. In a medium sized saucepan, add in the double cream, chocolate and icing sugar over medium-low heat and leave stirring occasionally until the chocolate is melted and the mixture is well combined, about 5 minutes. Cover with cling film and place in the fridge until the ganache is spreadable, about 1 hour. After 1 hour remove it from the fridge otherwise, the ganache will become very hard and you won't be able to spread it.",30,35,65,https://images.squarespace-cdn.com/content/v1/54d4153ce4b00c0e483c13a6/1509017281643-1FZVW5LDIKM10Z238SFM/Merendina+-1-2.jpg,https://www.mymoroccanfood.com/home/merendina
"Lentil Stew with Lamb, Pumpkin and Shallots ","4 tablespoons olive oil - 300 gr boneless braising lamb, trimmed of excess fat and cut in 3 cm chunks (i.e. shoulder, neck fillet, etc.) - 2 medium sized tomatoes, grated - 1 ½ teaspoon ground paprika - 1 teaspoon ground cumin - 1 teaspoon salt or more to taste - Generous pinch ground cayenne pepper (optional) - 300 ml chicken or vegetable stock - 300 gr shallots, peeled - 250 gr dry green lentils - Chopped coriander to serve (optional) - Harissa, to serve optional - 400 gr pumpkin or butternut squash, peeled and cut into 2cm chunks","• In a large saucepan, warm the olive oil over medium heat and add the lamb. Cook the meat, stirring occasionally for 5 to 10 minutes to lightly brown the meat.",10,49,59,https://images.squarespace-cdn.com/content/v1/54d4153ce4b00c0e483c13a6/1507638989733-UF2CQJFC2C5K6T4KN1TD/Lentil%2C+pumpkin+and+shallots+stew+-4.jpg,https://www.mymoroccanfood.com/home/lentil-stew-with-lamb-pumpkin-and-shallots
Chicken tagine with chickpeas and fresh figs ,"3 tablespoons olive oil, divided  - 3 large onions, sliced - 1 kg chicken thighs or legs - 4 garlic cloves, peeled and pressed - 1 teaspoon turmeric - 1 teaspoon ground ginger - ¾ teaspoon salt or to taste - ¼ ground black pepper - 150 ml vegetable stock - 1 x 400 gr can of chickpeas, rinsed and drained - 500 gr ripe figs (about 8), torn into 6 pieces and more for garnish if desired - Roughly chopped fresh coriander, for serving","• In a large saucepan add the olive oil over medium heat and add in the onions. Cover with a lid and leave until the onions are soft and translucent, 15 to 20 minutes. Stir occasionally. Add in the garlic, turmeric, ginger, salt and black pepper into the saucepan and cook for 5 minutes stirring occasionally. Place the chicken inside the saucepan and pour in the chicken stock. Reduce the heat to medium-low, cover with a lid and leave to simmer gently until the chicken is almost cooked, about 45 minutes.",20,90,110,https://images.squarespace-cdn.com/content/v1/54d4153ce4b00c0e483c13a6/1506606282127-69QSJHFBN4WFN66JB79I/Chickpea+and+figs+chicken+tagine+-7.jpg,https://www.mymoroccanfood.com/home/chicken-tagine-with-chickpeas-and-fresh-figs
"Baked stuffed apples with almonds, raisins and orange blossom",4 large cooking apples - 50 gr unsalted butter - 50 gr brown sugar - 3 tablespoons raisins - 1 teaspoon orange blossom water  - 50 gr ground almonds - 2 tablespoons honey - Vanilla ice cream to serve,• Preheat the oven to 180 C/ 350 F. Remove the core from the apples with a sharp knife or an apple corer and transfer them to a roasting tin.,15,48,63,https://images.squarespace-cdn.com/content/v1/54d4153ce4b00c0e483c13a6/1504732591580-LNX3W571S7IHN86V802S/Stuffed+baked+apple+-9.jpg,https://www.mymoroccanfood.com/home/baked-stuffed-apples-with-almonds-raisins-and-orange-blossom
Seafood and Quinoa Salad Bowls with Turmeric and Mint Dressing,"1 tablespoon olive oil - 150 gr prawn - 250 gr calamari - 400 gr mussels, cleaned  - 150 gr salad leaves - 200 gr cooked quinoa - 150 gr large cucumber, sliced - 100 gr radishes, sliced - Mint leaves to serve, if desired","• Clean the mussels, if any of them are opened, tap them lightly and discard them if they don't close. Fill a medium sized saucepan with 4 tablespoons of water and a pinch of salt and bring to a boil over high heat. Reduce the heat to medium and add in the mussels. Cover the pan with a lid and cook the mussels for about 3 to 4 minutes, stirring occasionally. The mussels are cooked once they are opened, discard any that didn't open. Drain the mussels and set aside until ready to serve.",15,26,41,https://images.squarespace-cdn.com/content/v1/54d4153ce4b00c0e483c13a6/1502921794575-B7VC1PH7DT34OFXQGRWA/image-asset.jpeg,https://www.mymoroccanfood.com/home/seafood-and-quinoa-salad-bowls-with-turmeric-and-mint-dressing
Krachel French Toast ,120 ml whole milk - 3 large eggs - 4 tablespoons caster sugar - 1 teaspoon vanilla extract - ½ teaspoon ground cinnamon - ½ teaspoon ras el hanout - Pinch salt - 8 krachel - Maple syrup to serve - Sliced strawberries and peaches to serve,"• In a large shallow dish (such as a pie plate) beat together the milk, eggs, sugar, vanilla extract, cinnamon, ras el hanout and salt.",17,53,70,https://images.squarespace-cdn.com/content/v1/54d4153ce4b00c0e483c13a6/1501195793989-0W1Q887S1QUAFJT0B27R/image-asset.jpeg,https://www.mymoroccanfood.com/home/krachel-french-toast
"Merguez, Red Pepper and Burrata Pizza ","3 x pizza dough, (about 220 gr each) - 500 gr tomato sauce (homemade or store-bought)  - 500 gr merguez mince (recipe below) - 2 Romano peppers, finely sliced - 1 fresh chilli pepper, finely sliced (optional) - 300 gr burrata - Rocket leaves to serve","• Preheat the oven to 220 C/ 430 F and prepare the merguez meat. Toast the fennel, cumin and coriander seeds in a pan over medium heat for 3 to 4 minutes until fragrant. Use a mortar and a pestle to roughly grind the seeds. Alternatively, use a food processor.",31,65,96,https://images.squarespace-cdn.com/content/v1/54d4153ce4b00c0e483c13a6/1500459760075-1IQ5VTJTMRCSEVPKALOI/image-asset.jpeg,https://www.mymoroccanfood.com/home/merguez-red-pepper-and-burrata-pizza
Almond butter and rose popsicles with strawberry jam ,200 gr crunchy almond butter - 250 gr Greek yogurt - 120ml almond milk - 100 gr clear honey - ½ teaspoon rose water - ¼ teaspoon almond extract,"• In a blender, transfer the almond butter, yogurt, almond milk, honey, rose water and almond extract. Blend until smooth and there are no lumps.",20,31,51,https://images.squarespace-cdn.com/content/v1/54d4153ce4b00c0e483c13a6/1498519350196-QYQGUB46WNNUWMGQ6Z63/image-asset.jpeg,https://www.mymoroccanfood.com/home/almond-butter-and-rose-popsicles-with-strawberry-jam
Lemon Jam with Preserved Lemon,"500g lemons (about 5 lemons) - 500ml water  - 350g caster sugar - 3 small preserved lemons (30g each), finely chopped","• Cut 0,5cm off from the ends of the lemons and cut them into wedges. Thinly slice each lemon wedge to make small triangles. Transfer the lemon pieces and the water into a large saucepan and bring to a boil over high heat. Reduce the heat to medium-low and let simmer, uncovered, for about 30 minutes until the lemon pieces are soft and cooked through. If too much of the water evaporates and the content of the saucepan looks dry, add about half a cup of water into the saucepan.",24,52,76,https://images.squarespace-cdn.com/content/v1/54d4153ce4b00c0e483c13a6/1497971556344-3OH9QBR70ALX63ZVLLC4/image-asset.jpeg,https://www.mymoroccanfood.com/home/lemon-jam-with-preserved-lemon
Chermoula Prawns and Calamari with Tomatoes and Avocado,"300g cleaned prawns - 300g calamari, sliced into rings - 2 avocados, peeled, and roughly chopped - 2 tomatoes, roughly chopped - 50g feta, crumbled - ","• In large mixing bowl mix all the chermoula ingredients together and stir until smooth. Add in the shrimp and calamari and leave in the fridge to marinate, the longer the better.",15,44,59,https://images.squarespace-cdn.com/content/v1/54d4153ce4b00c0e483c13a6/1496854912996-M1U9DW6XN5B53VIOH8XX/image-asset.jpeg,https://www.mymoroccanfood.com/home/chermoula-prawns-and-calamari-with-tomatoes-and-avocado
"Roasted Cauliflower, Apricots and Chickpea Tagine (Vegan)","1 x 400g can chickpea, rinsed and drained - 150ml vegetable stock - 100g dried apricots - 2 large onions, sliced - 2 garlic cloves, peeled and crushed - 2 tablespoons olive oil and more to roast the cauliflower - ½ teaspoon ground turmeric - ½ teaspoon ground ginger - ½ teaspoon ground cumin - ½ teaspoon ground coriander - ½ teaspoon salt - 1 large cauliflower cut into florets (makes approximately 600g florets) - Cooked couscous or bread to serve - Chopped coriander to serve - Ground roasted almonds or almonds flake, to serve",• Preheat the oven to 200 C.,18,33,51,https://images.squarespace-cdn.com/content/v1/54d4153ce4b00c0e483c13a6/1495014818362-8S0YDJTB5YMCKQFTKCE9/image-asset.jpeg,https://www.mymoroccanfood.com/home/roasted-cauliflower-apricots-and-chickpea-tagine-vegan
Kefta and Swiss Chard Quiche + Goat Cheese and Harissa Sauce  ,"300g minced beef and/or lamb - 1 medium onion, grated - 2 tablespoons chopped fresh coriander - 2 tablespoons chopped fresh parsley - Leaves of 2 mint sprigs, chopped - 1 ½ teaspoon paprika - 1 teaspoon ground cumin - ½ teaspoon salt - ½ teaspoon ground black pepper - Pinch cayenne pepper - ½ tablespoon unsalted butter - 300g Swiss chard, stalks removed and roughly chopped    - 2 tablespoons milk, any type - 1 ½ tablespoon plain flour - 320g ready-rolled shortcrust pastry sheet - Salad leaves, to serve ",• Preheat the oven to 200 C (400 F).,25,40,65,https://images.squarespace-cdn.com/content/v1/54d4153ce4b00c0e483c13a6/1493489164109-SVAS09VXG93ZEX1AISOM/image-asset.jpeg,https://www.mymoroccanfood.com/home/kefta-and-swiss-chard-quiche-goat-cheese-and-harissa-sauce
Chocolate and Almond Ghriba ,"200g chocolate, 70% cocoa - 50g unsalted butter, softened   - 100g caster sugar - 2 eggs - 1 teaspoon vanilla extract - ½ teaspoon almond extract - 150g almond flour - 100g plain flour - 1 heaped teaspoon baking powder - ½ teaspoon salt - 150g icing sugar to coat the cookies","• Place the chocolate and the butter in a microwave-safe bowl stopping and stirring at 15 seconds intervals until melted and smooth. Add in the sugar, the eggs and the vanilla and almond extract. Stir all the ingredients together until smooth and creamy. Add in the almond flour, plain flour, baking powder and salt and mix all the ingredients together until well combined. Cover with cling film and place in the fridge for 2 hours or overnight.",12,31,43,https://images.squarespace-cdn.com/content/v1/54d4153ce4b00c0e483c13a6/1492462981186-RND9LBF2RA3PLWIBCB6T/image-asset.jpeg,https://www.mymoroccanfood.com/home/chocolate-and-almond-ghriba-gluten-free
Ras el hanout and baby potatoes chicken traybake ,"200ml vegetable stock - 30g fresh coriander, chopped - 6 garlic cloves peeled and pressed - Zest of a lemon - 1 tablespoon ras el hanout - ¾ teaspoon salt or to taste - 2 tablespoons olive oil - 3 large red onions, sliced (600 g) - 4 large chicken legs - 500g baby potatoes - 5 tablespoons almond flakes - Lemon wedges to serve",• Preheat the oven to 200 C (400F).,10,31,41,https://images.squarespace-cdn.com/content/v1/54d4153ce4b00c0e483c13a6/1491345085578-TXWGFLCONW3VUCJQ0EJJ/image-asset.jpeg,https://www.mymoroccanfood.com/home/ras-el-hanout-and-baby-potatoes-chicken-traybake
"Lamb, Potatoes and Olives Tagine","2 tablespoons olive oil  - 1 large onion, sliced - 3 garlic cloves, peeled and crushed - 1,2kg lamb neck fillets (or any type of stewing meat) trimmed and cut in 5 cm pieces - 300ml vegetable stock or water - 3 tomatoes, grated - 1 teaspoon turmeric - 1 teaspoon ginger - 1 teaspoon paprika - ½ teaspoon cumin - ½ teaspoon salt, or more to taste - 1kg potatoes, peeled in cut into wedges - 200g green olives drained - Chopped coriander for garnish","• In a large saucepan, heat the olive oil and add the onions over medium heat. Cover with a lid and leave the onions until they are soft and translucent, about 10 min. This will allow sweating the onions. Once you’ve sweated the onions, add the garlic and the meat. Cook for 7 min turning the meat occasionally to lightly brown it.",11,77,88,https://images.squarespace-cdn.com/content/v1/54d4153ce4b00c0e483c13a6/1490097663006-CYYU1AWQUV1UPKKMSY5C/image-asset.jpeg,https://www.mymoroccanfood.com/home/lamb-potatoes-and-olives-tagine
Almond Mhencha,"250g blanched almonds - 120g caster sugar - Pinch cinnamon - Pinch salt - 3 tablespoons orange blossom water - 10grunsalted butter, softened",• Preheat the oven to 180 C (350 F),23,56,79,https://images.squarespace-cdn.com/content/v1/54d4153ce4b00c0e483c13a6/1489579940370-ET7BU2JWDZUV44UCDCV6/image-asset.jpeg,https://www.mymoroccanfood.com/home/almond-mhencha
1 Pot Loubia Stew with Sundried Tomatoes and Kale (Vegan Bean Stew),"2 cans cannellini beans, rinsed and drained - 2 tomatoes, grated - 1 large onion, sliced - 200ml vegetable stock - 100g sundried tomato, roughly chopped - 120g chopped kale  - 3 tablespoons olive oil - 2 garlic gloves, peeled and crushed - 2 teaspoons turmeric - 2 teaspoons paprika - ½ teaspoon salt or more to taste - ½ teaspoon ground black pepper - 3 tablespoons chopped fresh parsley for garnish","• Transfer all the ingredients in a large saucepan over medium high heat and bring to a boil. Reduce the heat to low, cover with a lid and leave to simmer gently for 35 minutes. Stir occasionally. If at any time throughout cooking there is more no more liquid in the pan, stir in a couple tablespoons of water. Serve warm with bread. ",26,120,146,https://images.squarespace-cdn.com/content/v1/54d4153ce4b00c0e483c13a6/1487690369077-1WT84KNYNPDNOWJ7Q7QZ/image-asset.jpeg,https://www.mymoroccanfood.com/home/loubia-stew-with-sundried-tomatoes-and-kale-vegan-bean-stew
Turmeric and Honey Granola ,"350g rolled oats - 100g flaked almonds - 3 tablespoons sunflower seeds - 3 tablespoons pumpkin seeds - 200g honey - 150ml orange juice - 1 tablespoon ground turmeric - 1 teaspoon vanilla extract - 1 teaspoon ground cinnamon - ½ teaspoon salt - 50g dried cherries, chopped - 50g dried apricots, chopped","• Preheat oven to 170 C (370 F) In a large bowl mix together the oats, almond flakes and seeds.  ",16,51,67,https://images.squarespace-cdn.com/content/v1/54d4153ce4b00c0e483c13a6/1487109027102-EEMXOA3HPFVH6I26EJWA/image-asset.jpeg,https://www.mymoroccanfood.com/home/turmeric-and-honey-granola
Chicken Chorba,"1 tablespoon olive oil - 2 onions, finely sliced - 1kg chicken wings - 2 teaspoons turmeric - Generous pinch saffron threads - 1 teaspoon salt or more to taste - ½ teaspoon ground black pepper - 150g dried chickpeas, soaked overnight and drained (or 300 gr canned chickpeas, drained) - 2 medium sized tomatoes, grated - 1 ½ tablespoon tomato paste - 2 large white potatoes (500 gr) diced into 2 cm pieces - 100g spaghetti broken into 3 cm long pieces - 3 tablespoons chopped parsley and more for serving","• In a large casserole, warm the olive oil over medium high heat and add the onions, the chicken, the spices, salt and pepper. Leave for 7 to 10 minutes to lightly brown the chicken and sweat the onions. Stir occasionally.",34,34,68,https://images.squarespace-cdn.com/content/v1/54d4153ce4b00c0e483c13a6/1485877402650-8G10802AX4JEP3895ND7/image-asset.jpeg,https://www.mymoroccanfood.com/home/chicken-chorba
Classic Kefta Briouate,"450g prepared kefta - 2 teaspoons ground cinnamon, and more for serving - 4 tablespoons butter - 3 eggs - Salt and pepper   - 200g filo pastry - 1 egg yolk - 1 tablespoon icing sugar - A handful of roughly chopped mint leaves","• Preheat the oven to 180 C (350 F). Warm up a large pan over medium heat and add in ½ tablespoon of butter and leave until melted. Transfer in the kefta and the cinnamon and cook until the meat is brown, breaking up the meat with a wooden spoon. About 7 minutes.",16,44,60,https://images.squarespace-cdn.com/content/v1/54d4153ce4b00c0e483c13a6/1485332681299-3Q5C0ANB5EJD19IEYTFK/image-asset.jpeg,https://www.mymoroccanfood.com/home/classic-kefta-briouate
Ras El Hanout and Dates Hotdish,"150 gr (¾ cup) mixture of jasmine and wild rice - ¾ teaspoon salt - 5 tablespoons olive oil - 1 large onion, finely chopped - 4 large carrots cut into 1 cm (½ inch) pieces - Black pepper - 4 teaspoons Ras el Hanout - 450g minced beef   - 30g plain flour - 1 can full-fat coconut milk (400ml/14 oz.) - 250ml (1 1/3 cups) beef or vegetable broth - 50g pitted dates, cut into 1 cm (½ inch) pieces - 4 flatbreads, cut into 2,5 cm (1 inch) square pieces - 1 small bunch fresh flat-leaf parsley - 1 tablespoon lemon juice",• Preheat the oven to 200 C (375 F).,22,36,58,https://images.squarespace-cdn.com/content/v1/54d4153ce4b00c0e483c13a6/1484060227601-NHYIZA81GGGRYL435AAV/image-asset.jpeg,https://www.mymoroccanfood.com/home/ras-el-hanout-and-dates-hotdish
Kalinte,"1 egg - 80ml olive oil - 1 teaspoon salt - 620ml water - 200g chickpea flour, divided - 125ml milk, any type - 1 teaspoon baking powder - Moroccan Tomato and Cucumber Salad, if desired ",• Preheat oven to 200 C (400 F),28,81,109,https://images.squarespace-cdn.com/content/v1/54d4153ce4b00c0e483c13a6/1483463983043-L9X2KD7GGITQU57W4XM9/image-asset.jpeg,https://www.mymoroccanfood.com/home/kalinte
"Turkey, Cranberry and Chestnut Tagine","4 tablespoons olive oil - 4 large onions (about 800 gr), chopped - 2,5kg turkey pieces (see notes) - 1 ½ tablespoon finely chopped garlic (about 6 cloves) - 2 teaspoons ground turmeric - 2 teaspoons ground ginger - 1 teaspoon ground cumin - 1 ½ teaspoon salt or more to taste - ¼ ground black pepper - 1 large coriander bouquet, tied - 150g dried cranberries and more for garnish - 400g cooked chestnut (see notes) - 2 tablespoons chopped chives for garnish","• In a large casserole, heat the olive oil and add the onions over medium heat. Cover with a lid and leave the onions until they are soft and translucent, about 15 min. This will allow sweating the onions.",24,89,113,https://images.squarespace-cdn.com/content/v1/54d4153ce4b00c0e483c13a6/1481813380844-2BTKIFRWEAHHZW27912T/image-asset.jpeg,https://www.mymoroccanfood.com/home/turkey-cranberry-and-chestnut-tagine
Mini Cheesecakes with Strawberry and Rose Coulis,90g digestive biscuits (approximately 10 biscuits) - 50g unsalted butter - pinch cinnamon - pinch salt - 200g full-fat cream cheese - 150g mascarpone  - 110g (1/2 cup) caster sugar - 1 tablespoon lemon juice - 1 ½  teaspoon vanilla extract - 2 teaspoons powdered gelatin - Chopped strawberries for garnish - Dried rose petals for garnish,• Place the biscuits in a food processor and process until you obtain fine crumbs. ,32,90,122,https://images.squarespace-cdn.com/content/v1/54d4153ce4b00c0e483c13a6/1480435269890-6Y44FI69KPO9MWU6HJFL/image-asset.jpeg,https://www.mymoroccanfood.com/home/mini-cheesecakes-with-strawberry-and-rose-coulis
"Merguez, walnuts and raisins stuffing","2 tablespoons fennel seeds - 2 tablespoons cumin seeds  - 2 tablespoon coriander seeds - 250g minced lamb, 20% fat  - 250g minced beef, 20% fat - 1 tablespoon finely chopped garlic (about 4 cloves) - 2 tablespoons chopped fresh coriander - 1 to 2 teaspoons cayenne pepper - 4 teaspoons paprika - 1 tablespoon caster sugar - 1 tablespoon dried mint - 1 teaspoon salt or more to taste - ½ teaspoon black pepper","• Prepare the merguez meat. Toast the fennel, cumin and coriander seeds in a pan over medium heat for 3 to 4 minutes until fragrant. Use a mortar and a pestle to roughly grind the seeds. Alternatively, use a food processor.",30,73,103,https://images.squarespace-cdn.com/content/v1/54d4153ce4b00c0e483c13a6/1479995418301-XQU99GRHL6ZOCMEZR6KH/image-asset.jpeg,https://www.mymoroccanfood.com/home/merguez-walnuts-and-raisins-stuffing
Quick Fish Tagine with Chermoula + a Video,½ cup chermoula - 2 finely sliced courgettes - 2 finely sliced or stripped bell peppers (any colour) - 2 fish fillets such as sea bream or sea bass - 80g couscous - 2 tablespoons olive oil - Salt to season - 4 small preserved lemons (or 1 large preserved lemon) roughly chopped - Coriander for garnish,•  Preheat the oven to 180 C (350 F). Make the chermoula and cover the fish fillets with half of chermoula and keep in the fridge until ready to use.  ,16,76,92,https://images.squarespace-cdn.com/content/v1/54d4153ce4b00c0e483c13a6/1479753993824-8WZGEGEWO0ZCYDFKOL3N/image-asset.jpeg,https://www.mymoroccanfood.com/home/quick-fish-tagine-with-chermoula
Chocolate Layer Cake with Ras El Hanout Buttercream + Poached Pears ,"Unsalted butter, for greasing - 85g (¾ cup) cocoa powder - 180ml (¾ cup) water - 120g chocolate, chopped - 320g plain flour - 1½ teaspoons baking soda - ¼ teaspoon salt - 400g (2 cups) sugar - 180 gr unsalted butter, softened - 5 large eggs - 240ml whole milk, divided",• Preheat oven to 180 C (350 F). Grease two 20 cm (8 inch) cake tins and line their bottoms with baking paper.,13,34,47,https://images.squarespace-cdn.com/content/v1/54d4153ce4b00c0e483c13a6/1478742507606-CVEFLZGS1DFZWEW4ZHCH/image-asset.jpeg,https://www.mymoroccanfood.com/home/chocolate-layer-cake-with-ras-el-hanout-buttercream
Lamb Tagine with Quince (Lamb Mkalli with Quince),"2 tablespoons olive oil - 4 large onions (about 800g), chopped  - 300ml vegetable stock  - 1 tablespoon finely chopped garlic (about 4 cloves) - 1 teaspoon ground turmeric - 1 teaspoon ground ginger - 1 teaspoon salt or more to taste - Generous pinch saffron  - 1,2kg lamb neck fillets (or any type of stewing meat) trimmed and cut in 5 cm pieces - 1 large coriander bouquet, tied and more for garnish","• In a large casserole, heat the olive oil and add the onions over medium heat. Cover with a lid and leave the onions until they are soft and translucent, about 15 min. This will allow sweating the onions. Add in the garlic, the spices and the meat. Cook for 5 to 7 min turning the meat occasionally.",19,88,107,https://images.squarespace-cdn.com/content/v1/54d4153ce4b00c0e483c13a6/1477440150393-GJWC5B6S52UONA8CLW70/image-asset.jpeg,https://www.mymoroccanfood.com/home/lamb-tagine-with-quince
Amlou Warm Goats Cheese Salad,120g baby leaf lettuce (or any type of lettuce) - 4 small slices of bread - 4 goats cheese rounds (or 4 thick goats cheese slices cut from a log) - 2 apples (any type except granny smith) - 80ml amlou,• Preheat your grill or your grill’s oven to its highest setting.,15,30,45,https://images.squarespace-cdn.com/content/v1/54d4153ce4b00c0e483c13a6/1476978708366-EZ7Z10FUOGBPAMJ79FRG/image-asset.jpeg,https://www.mymoroccanfood.com/home/amlou-warm-goats-cheese-salad
"Figs, Dates and Harissa Chutney","200g red onions, sliced - 300g tomatoes, deseeded and roughly chopped - 250g figs, stalks removed and roughly chopped - 140g dates, pitted and finely chopped - 70ml apple cider vinegar - 2 teaspoons harissa or more to taste  - 1 ½ teaspoon finely chopped garlic - 1 teaspoon salt - Generous pinch saffron",• Place all the ingredients in a deep skillet and stir well to combine under medium-low heat. Simmer for 40 minutes until all the liquids have evaporated. Transfer into a clean jar and leave to cool before storing in your fridge. Enjoy with your favourite cheeses or as a spread in a sandiwch. ,17,72,89,https://images.squarespace-cdn.com/content/v1/54d4153ce4b00c0e483c13a6/1476273889046-OS95NJUZSWYG1T8T9ZNO/image-asset.jpeg,https://www.mymoroccanfood.com/home/figs-dates-and-harissa-chutney
Krachel - Aniseed and Sesame Seed Sweet Buns,"2 teaspoons dry active yeast - 60g caster sugar - 300g flour - 2 tablespoons toasted sesame seeds and more for garnish - 1 teaspoon aniseed - 1/2 teaspoon salt - 1 egg - 80 to 120ml warm milk - 50g unsalted butter, melted - 1 tablespoon orange blossom water - 1 egg yolk for brushing",• Activate the dry yeast by adding ¼ teaspoon of sugar and a tablespoon of lukewarm water in a small bowl. Stir with a fork and leave for 5 to 10 minutes until foamy. ,16,46,62,https://images.squarespace-cdn.com/content/v1/54d4153ce4b00c0e483c13a6/1474988058682-54LXUPD5WFNUNDFZHQHU/image-asset.jpeg,https://www.mymoroccanfood.com/home/krachel-aniseed-and-sesame-seed-sweet-buns
Chermoula Chicken Burger + Harissa and Orange Coleslaw,,• Activate the dry yeast by adding ¼ teaspoon of sugar and a tablespoon of lukewarm water in a small bowl. Stir with a fork and leave for 5 to 10 minutes until foamy. ,0,0,0,https://images.squarespace-cdn.com/content/v1/54d4153ce4b00c0e483c13a6/1474477550866-HA0FITEYS3RRXK8KRP0I/image-asset.jpeg,https://www.mymoroccanfood.com/home/chermoula-chicken-burger-harissa-and-orange-coleslaw
How we cook and what we ate this summer – Morocco edition + 3 non recipes,Olive oil - 1 large fish - Sliced zucchinis   - Chopped herbs - Garlic (finely chopped or pressed) - Salt and pepper,• In a large (tagine) pot warm up the olive oil and reduce the heat to medium-low. Transfer the rest of the ingredients and cover until the fish is cooked. Check for doneness occasionally. Timing will vary depending on the size of the fish.,17,34,51,https://images.squarespace-cdn.com/content/v1/54d4153ce4b00c0e483c13a6/1473943864223-IS67YGD9899OCPT0U948/image-asset.jpeg,https://www.mymoroccanfood.com/home/how-we-cook-and-what-we-ate-this-summer-morocco-edition
Buttermilk and Almond Basbousa with Orange and Cardamom Syrup ,400g semolina flour - 150g almond flour - 50g caster sugar - pinch of salt - 100g unsalted melted butter - 250ml (1 cup) buttermilk - 2 teaspoons baking soda,• Preheat oven to 200 C (390 F).,15,34,49,https://images.squarespace-cdn.com/content/v1/54d4153ce4b00c0e483c13a6/1473261470383-JY1T62WAXD63XKHB5VL6/image-asset.jpeg,https://www.mymoroccanfood.com/home/almond-basbousa-orange-and-cardamom-syrup
Beetroot Salad with Chopped Avocado ,"6 medium sized cooked and peeled beetroots - 2 avocados - 2 small shallots - 4 tablespoons olive oil - 2 tablespoons finely chopped fresh parsley and more for garnish, if desired. - 1 teaspoon ground cumin - Salt and pepper to taste - Juice of half a lemon - 2 tablespoons white wine vinegar",• Roughly chop the beetroots and the avocados into small pieces (2 cm x 2 cm). Place in a large bowl.,27,29,56,https://images.squarespace-cdn.com/content/v1/54d4153ce4b00c0e483c13a6/1471614233303-KTS0WC578E2ZGDHY0Y93/image-asset.jpeg,https://www.mymoroccanfood.com/home/beetroot-salad-chopped-avocado
Sardine Tagine ,"1kg fresh sardines, deboned and cleaned (heads removed) - 1 cup chermoula - 3 tablespoons preserved lemon flesh - 3 large potatoes, thinly sliced  - 3 bell peppers (any colour), seeded and sliced into rings - 3 large tomatoes sliced - 1 large zucchini, sliced   - Lemon slices (or chopped preserved lemon) for garnish  - Chopped coriander for garnish",• Finely chop the preserved lemon flesh and mix with the chermoula.,17,60,77,https://images.squarespace-cdn.com/content/v1/54d4153ce4b00c0e483c13a6/1455323393015-8B6NME9WKA9F3TJXUC1L/image-asset.jpeg,https://www.mymoroccanfood.com/home/sardine-tagine-with-charmoula
Sweet Chermoula Tuna Tartare with Cucumber Noodles ,"500g (sushi grade) tuna steaks, finely diced (1 cm x 1 cm) - 3 large cucumbers - Zest of a lemon and 1 tablespoon toasted sesame seeds for garnish","• To make the chermoula, mix all the chermoula ingredients together and stir until smooth. ",11,81,92,https://images.squarespace-cdn.com/content/v1/54d4153ce4b00c0e483c13a6/1470917876126-L2KZSB5T6R6HSTDEMF0G/image-asset.jpeg,https://www.mymoroccanfood.com/home/sweet-chermoula-tuna-tartare-with-cucumber-noodles
FroYo Orange Blossom Lemonade Popsicles,"600g plain greek yogurt (2 cups) - 300g caster sugar - 240ml lemon juice (juice of 6 to 8 lemons depending on size), (1 cup ) - 2 tablespoons orange blossom - 1 cup citrus marmalade or jam (any type; orange, lemon, grapefruit, etc.) - Optional topping: melted dark chocolate and desiccated coconut","• In a large container, mix together all the ingredients until you obtain a smooth consistency. Use a blender or a sieve to make sure there are no lumps left.",14,64,78,https://images.squarespace-cdn.com/content/v1/54d4153ce4b00c0e483c13a6/1470321863438-9PUU97Y5J38216QQ1EH8/image-asset.jpeg,https://www.mymoroccanfood.com/home/froyo-orange-blossom-lemonade-popsicles
Harissa ,"500g red bell peppers - 1 to 4 chili peppers (any type), depending on how spicy you want your harissa - 5 garlic cloves - 4 tablespoons olive oil and more for preservation - ·1 teaspoon salt or more to taste",• Preheat oven to 120 C (250 F),18,36,54,https://images.squarespace-cdn.com/content/v1/54d4153ce4b00c0e483c13a6/1468317034438-040ENMIY6LNYFJW13WDH/image-asset.jpeg,https://www.mymoroccanfood.com/home/harissa
Msemen,"150g plain flour and more for kneading - 150g semolina flour and more for flouring  - ½ teaspoon salt - 120 to 170ml lukewarm water - 4 tablespoons vegetable oil, divided - 20g melted butter","• In a large bowl mix all the flours, salt, 120 ml lukewarm water and 2 tablespoons vegetable oil to form a dough. If the mixture is too dry and you can’t form a dough, add a couple tablespoons of water bit by bit. Make sure you don’t add too much water to the dough because it will make your dough very sticky and you won't be able to knead it. If that happens, add a bit of flour. When your dough is nicely done, lightly flour a worktop and knead for 15 minutes until light and soft.",18,23,41,https://images.squarespace-cdn.com/content/v1/54d4153ce4b00c0e483c13a6/1457392117913-XIENYPJFTZ6JKE28MUFI/image-asset.jpeg,https://www.mymoroccanfood.com/home/msemen-rghaeif
Taktouka ,"2 large sweet green peppers such as bell peppers - 3 tablespoons olive oil - 4 large tomatoes - 1 teaspoon finely chopped garlic, about 2 cloves - 4 tablespoons mixture of fresh chopped parsley and coriander - 1 teaspoon paprika - ½ teaspoon cumin - Pinch cayenne pepper - ½ teaspoon salt or more to taste - ½ teaspoon caster sugar",• Preheat your grill or chargrilled pan to high.,13,44,57,https://images.squarespace-cdn.com/content/v1/54d4153ce4b00c0e483c13a6/1457548273433-Z1JY80F64D45V4XWDT9H/image-asset.jpeg,https://www.mymoroccanfood.com/home/taktouka
Pistachio and Hazelnut Briouate,"150g blanched hazelnuts - 150g unsalted shelled pistachios - 80g caster sugar - 3 tablespoons orange blossom water, divided - ½ teaspoon ground cinnamon - ½ teaspoon ground dried ginger  - 1 teaspoon salt - 30g unsalted butter, softened - 20g unsalted butter melted - 200g filo pastry - 300g honey - Ground nuts or chopped dried fruits for decoration",• Preheat oven to 180 C (350 F).,23,74,97,https://images.squarespace-cdn.com/content/v1/54d4153ce4b00c0e483c13a6/1454017905001-G5YWU0G8RNZJAQMOWJS0/image-asset.jpeg,https://www.mymoroccanfood.com/home/pistachio-and-hazelnut-briouates
Sfenj - Moroccan Donuts,"1 tablespoon dry active yeast - ¼ teaspoon caster sugar to activate the yeast - 500g plain flour - 1 teaspoon salt - 240ml lukewarm water - vegetable oil, for frying - 250g icing sugar sifted for the glaze (glaze is optional) - 2 tablespoon milk for the glaze (glaze is optional)",• Activate the dry yeast by adding ¼ teaspoon of sugar and a tablespoon of lukewarm water in a small bowl. Stir with a fork and leave for 5 to 10 minutes until foamy.,19,77,96,https://images.squarespace-cdn.com/content/v1/54d4153ce4b00c0e483c13a6/1456429349763-URY1RMML3TEYDQA3DVQH/image-asset.jpeg,https://www.mymoroccanfood.com/home/sfenj-moroccan-donuts
Chebakia - La Rose des Sables ,"1 teaspoon dry active yeast - ½ teaspoon caster sugar - 500g plain flour, plus more for dusting - 250g sesame seeds, very finely ground - 250g almond flour - 1 large egg - ¼ cup white vinegar - ¼ cup orange blossom water - 80ml melted butter   - 80ml cup olive oil - ¼ teaspoon ground turmeric - ½  teaspoon ground cinnamon - ½ teaspoon ground anise - Generous pinch of saffron - Pinch of salt",• Activate the dry yeast by adding ½ teaspoon of sugar and 3 tablespoons of lukewarm water in a small bowl. Stir with a fork and leave for 5 minutes until foamy.,11,47,58,https://images.squarespace-cdn.com/content/v1/54d4153ce4b00c0e483c13a6/1464710490469-N7O2XXKAJ2V2S45LHWOD/image-asset.png,https://www.mymoroccanfood.com/home/chebakia
Batbout + Quick Chicken Tagine Filling ,1 teaspoon dry active yeast - 1 teaspoon caster sugar - 100g plain flour and more for dusting - 100g semolina flour and more for dusting - 1 tablespoon vegetable oil and more for cooking the batbouts - 1 teaspoon salt - 120 to 170ml lukewarm water,• Activate the dry yeast by adding ½ teaspoon of sugar and one tablespoon of lukewarm water in a small bowl. Stir with a fork and leave for 5 minutes until foamy.,43,50,93,https://images.squarespace-cdn.com/content/v1/54d4153ce4b00c0e483c13a6/1456251154763-VAX6O987YQYAPZYIKC61/image-asset.jpeg,https://www.mymoroccanfood.com/home/batbout-quick-chicken-tagine-filling
Ras El Hanout Pulled Beef Sandwich ,"2 teaspoons finely chopped garlic - 2 teaspoons ras el hanout - Zest of 2 lemons - 1 teaspoon salt - 1 teaspoon brown sugar - ¼  teaspoon cayenne pepper - ¼ teaspoon ground black pepper - 1kg slow cooking beef cut such as brisket, chuck or rump - 1 onion, finely sliced - 500ml chicken stock",• Preheat oven to 150 C (300 F).,11,18,29,https://images.squarespace-cdn.com/content/v1/54d4153ce4b00c0e483c13a6/1458226214933-VIW2OK9GXIONGOFEWOTD/image-asset.jpeg,https://www.mymoroccanfood.com/home/ras-el-hanout-pulled-beef-sandwich
Walnut and Matcha Ghriba - Gluten free ,"150g walnut powder (check to notes to see how to make your own walnut flour) - 100g almond powder - 80g caster sugar - ½ tablespoon unsalted butter, softened   - ½ tablespoon apricot jam - 1 tablespoon matcha green tea powder - 1 large egg - 1 heaped teaspoon baking powder - 150g icing sugar to coat the cookies",• Preheat oven to 180 C (350 F).,12,60,72,https://images.squarespace-cdn.com/content/v1/54d4153ce4b00c0e483c13a6/1456853444777-DM7VVE1B1UKJ1H0BT34G/image-asset.jpeg,https://www.mymoroccanfood.com/home/walnut-and-matcha-ghriba-gluten-free
Bakoula Salad with Spinach and Kale,"3 tablespoons olive oil - 150g finely chopped kale leaves (stalks discarded) - 150g finely chopped spinach - 3 tablespoons finely chopped parsley - 3 tablespoons finely chopped cilantro - 2 tablespoons lemon juice - ¾ tablespoons finely chopped garlic, about 3 cloves - 1 teaspoon paprika - ½ teaspoons cumin - ½ teaspoons salt, or more to taste - 1 preserved lemon, flesh removed then chopped, for garnish - 1 handful of red olives, such as Kalamatas, pitted and sliced, for garnish  ","• In a large casserole or a deep skillet, heat the olive oil and add the kale and spinach over medium heat. Stir the rest of the ingredients in (except the preserved lemon and olives) and cover with a lid for 10 to 15 minutes until the kale and the spinach are cooked and soft. Stir occasionally. Uncover and cook for 5 minutes until all liquids have evaporated.",12,39,51,https://images.squarespace-cdn.com/content/v1/54d4153ce4b00c0e483c13a6/1456417212089-5Z696TSXJLAJ980LWE8J/image-asset.png,https://www.mymoroccanfood.com/home/bakoula-with-spinach-and-kale
Plain Harcha + Zaatar and Black Olive Harcha ,"250g semolina - 3 tablespoons caster sugar - 1 teaspoon baking powder - ¼ teaspoon salt - 75g unsalted butter at room temperature (softened) - 100ml milk, any type","• In a medium sized bowl mix together the dry ingredients; semolina, sugar, baking powder and salt.",19,37,56,https://images.squarespace-cdn.com/content/v1/54d4153ce4b00c0e483c13a6/1449149122028-US685M24YT7S4C17VGHC/image-asset.jpeg,https://www.mymoroccanfood.com/home/plain-harcha-zaatar-and-black-olive-harcha
Aubergine and pumpkin tagine with caramelised onions (Vegan),"3 tablespoons olive oil - 800g onions, chopped - 200g shallots, chopped - 4 garlic cloves, finely chopped, about 1 tablespoon chopped garlic - 600g aubergine (2 large aubergine), quartered and chopped into 4 cm (1.5 inch) chunks - 600g pumpkin or squash, peeled, deseeded and cut into large chunks - 1 teaspoon ground turmeric - ½ teaspoon ground ginger - 1 teaspoon salt or more to taste - ¼ teaspoon ground black pepper - 2 cups water (500 ml) - 100gr raisins - Chopped coriander for garnish","• In a large casserole warm the olive oil over medium-high heat. Once the oil is warm, transfer the onions and the shallots. Lower the heat to medium and cover with a lid. Leave until the onions are soft and translucent, about 25 minutes. Stir occasionally.",13,60,73,https://images.squarespace-cdn.com/content/v1/54d4153ce4b00c0e483c13a6/1446033996894-3APZP3MN6NE4LHJSSCLG/image-asset.jpeg,https://www.mymoroccanfood.com/home/aubergine-and-pumpkin-tagine-with-caramelised-onions
Moroccan Chicken Kebabs + Fennel and Orange Herb Salad,"500g boneless chicken breast - Juice of a lemon - 2 tablespoons olive oil - ½ teaspoon finely chopped garlic, about 2 cloves - ½  teaspoon ground turmeric - ½  teaspoon ground ginger - ½ teaspoon salt or more to taste - ½ teaspoon ground cumin - ¼  ground black pepper",• Slice the chicken breasts into bite-sized chunks and transfer in a large bowl.,14,36,50,https://images.squarespace-cdn.com/content/v1/54d4153ce4b00c0e483c13a6/1474583941316-YVRKOJIK5UT0LUP0N0U4/image-asset.jpeg,https://www.mymoroccanfood.com/home/moroccan-chicken-kebabs-fennel-and-orange-herb-salad
Bissara - Split Peas and Fava Beans Dip ,"400g dried split peas or fava beans (or a mix of both), soaked overnight - 4 garlic cloves - 2 teaspoons baking soda - 3 tablespoons olive oil and more for garnish - 1 teaspoon paprika and more for garnish - 1 teaspoon ground cumin and more for garnish - Salt to taste - 3 tablespoons fresh chopped onions for garnish, if desired","• Drain the peas and/or fava beans, run them through water and drain them again.",12,51,63,https://images.squarespace-cdn.com/content/v1/54d4153ce4b00c0e483c13a6/1455731273740-7CSWUB7I4ESYZ4NYJTXD/image-asset.jpeg,https://www.mymoroccanfood.com/home/bissara-split-peas-and-fava-beans-dip
Amlou and Chocolate Hi Hat Cupcake with Caramel Filling,"180g unsalted butter, softened - 150g caster sugar - 3 eggs - 4 tablespoons whole milk - 100g dark chocolate, melted (see notes) - 150g self raising flour (see notes) - 3 tablespoons cocoa powder - 1 teaspoon baking powder - ½ teaspoon salt",• Preheat oven to 180 C (350 F) and line a 12-hole muffin tin with paper cases.,15,61,76,https://images.squarespace-cdn.com/content/v1/54d4153ce4b00c0e483c13a6/1455235312603-AJJNY6STOO7PVRRYQKJN/image-asset.jpeg,https://www.mymoroccanfood.com/home/amlou-and-chocolate-hi-hat-cupcake
Moroccan Pancake Layer Cake - Baghrir Cake ,250g of fine semolina - 4 tablespoons plain flour (40 g) - 2 tablespoons caster sugar - 1 heaped teaspoon dry yeast - ½ teaspoon salt - 500ml warm water  - 2 teaspoons baking powder,"• In a blender insert the semolina, flour, sugar, yeast and salt. Add the warm water and blend until there are no lumps and the batter is smooth.",14,28,42,https://images.squarespace-cdn.com/content/v1/54d4153ce4b00c0e483c13a6/1455036668690-QQIS1LVPZ4O9N2XD0YEO/image-asset.jpeg,https://www.mymoroccanfood.com/home/moroccan-pancake-layer-cake-baghrir-cake
Lamb Tagine with Prunes  ,"2 tablespoons olive oil - 1.2kg lamb shanks trimmed of excess fat (about 4 small or 3 large shanks) - check notes for other types of meat  - 4 large onions (about 800g), chopped - 1 tablespoon finely chopped garlic (about 4 cloves) - 1 teaspoon ground turmeric - 1 teaspoon ground ginger - 1 teaspoon salt or more to taste - ¼ teaspoon ground black pepper - ¼  teaspoon saffron - 1 large coriander bouquet, tied - Toasted sesame seeds or chopped roasted almonds for garnish","• In a large casserole, heat the olive oil to medium-high heat and brown the lamb shanks on each side. Make sure the pan is very hot before placing the meat in the pan, you should hear a sizzle when the meat touches the pan, if you don't, it means the pan is not warm enough. The meat will be naturally released once browned, don’t be tempted to flip it earlier. If you try to flip too early, you will notice that the meat sticks to the pan and you might damage it .",20,90,110,https://images.squarespace-cdn.com/content/v1/54d4153ce4b00c0e483c13a6/1454268961313-A0NKEM1ZXHUVAVNL4XPN/image-asset.jpeg,https://www.mymoroccanfood.com/home/lamb-tagine-with-prunes
Moroccan Shepherd's Pie with Roasted Garlic Sweet Potato Mash,"1 onion (200 gr) finely chopped - 250 gr minced lamb or beef  - 1 teaspoon finely chopped garlic (about 2 cloves) - 100 gr canned chickpeas, drained or 50 gr dried chickpeas, soaked overnight and drained - 100 gr celery, chopped  - 70 gr dried apricots, chopped - 2 medium sized tomato, seeded and chopped - 2 tablespoons finely chopped coriander - ½ teaspoon ground coriander - ½ teaspoon ground cumin - ½ teaspoon paprika - ¼ teaspoon ground cinnamon - ¼ cayenne pepper - Salt and pepper to taste ",• Preheat oven to 180 C (350F).,21,37,58,https://images.squarespace-cdn.com/content/v1/54d4153ce4b00c0e483c13a6/1453836977084-TCPYCY760NIQPL82YP76/image-asset.jpeg,https://www.mymoroccanfood.com/home/moroccan-shepherds-pie-with-roasted-garlic-sweet-potato-mash
Berkoukech Soup (Mhamsa),"1 tablespoon olive oil - 1 onion, grated - 200g braising beef or lamb, boneless, trimmed of excess fat and cut in 3 cm pieces (i.e. shoulder, neck fillet, beef shin, etc) - 2 medium sized tomatoes, grated - 2 tablespoons chopped coriander and more for garnish - 1 teaspoon tomato paste - ½ teaspoon ground ginger - Generous pinch of saffron - 1 ½ teaspoon salt or more to taste - ¼ ground black pepper - 200g carrots, chopped - 100g celery, chopped - 100g drained canned chickpeas or 50 gr dried chickpeas, soaked overnight and drained - 200g courgette, chopped in large chunks - 150g giant couscous (also known as berkoukech or mhamsa)","• In a large casserole warm the olive oil over medium heat and add the onions, the meat, the tomatoes, the coriander, the tomato paste, the spices, salt and pepper. Leave for 5 to 10 minutes to lightly brown the meat and sweat the onions. Stir occasionally.",16,32,48,https://images.squarespace-cdn.com/content/v1/54d4153ce4b00c0e483c13a6/1453403238279-MRZHTLORK3BTH3KN07WU/image-asset.jpeg,https://www.mymoroccanfood.com/home/berkoukech-soup-mhamsa
"Beetroot, Chocolate and Rose Brownies (Gluten and Dairy Free)","200g dark chocolate, chopped - 300g cooked beetroot, drained and chopped - 3 eggs - 60ml (1/4 cup) olive oil - 2 ½  teaspoons rose water - 1 teaspoon vanilla extract - 250g light brown sugar - 150g ground almonds - 1 teaspoon baking powder - Dried edible rose petals for decoration, if desired",• Preheat the oven to 200 C (400 F),27,52,79,https://images.squarespace-cdn.com/content/v1/54d4153ce4b00c0e483c13a6/1453248212664-36HR6UG4JCVHSG3N51YJ/image-asset.jpeg,https://www.mymoroccanfood.com/home/beetroot-chocolate-and-rose-brownies
4 Quick Recipes With a Moroccan Twist !,"10 baby potatoes - 2 teaspoons harissa or more to taste - 2 tablespoons olive oil - 1 teaspoon ras el hanout - Salt to taste - 1 tablespoon chopped coriander for garnish, if desired",• Preheat oven to 200 C (400 F),22,31,53,https://images.squarespace-cdn.com/content/v1/54d4153ce4b00c0e483c13a6/1452885112492-XY0NMIVFLU0BPEE9A4TO/image-asset.jpeg,https://www.mymoroccanfood.com/home/4-quick-recipes-with-a-moroccan-twist
Maakouda – Moroccan Potato Beignet,"500g potatoes, boiled and peeled - 2 tablespoons finely chopped parsley - 1 ½ teaspoon finely chopped garlic - ½ teaspoon salt or more to taste - ¼ teaspoon ground black pepper",• In a large bowl use a fork to mash the potatoes until smooth and stir in the rest of the potato cakes ingredients. Set aside. ,20,36,56,https://images.squarespace-cdn.com/content/v1/54d4153ce4b00c0e483c13a6/1452778170036-FP4RQOBHDWRL510S1IP4/image-asset.jpeg,https://www.mymoroccanfood.com/home/maakouda-moroccan-potato-beignet
Okra and Zucchini Salad - Mloukhia ,"200g okra - 1 tablespoon olive oil - 2 large tomatoes, grated (keeping their juices) - 2 tablespoons chopped coriander - ½ teaspoon chopped garlic - 1 teaspoon paprika - ½ teaspoon ground cumin - ½ teaspoon salt or more to taste - 200g zucchini (or courgette), chopped in 2.5 cm (1 inch) pieces",• Trim the stem of the okras and chop them into 2.5 cm (1 inch) pieces. Set aside. ,29,55,84,https://images.squarespace-cdn.com/content/v1/54d4153ce4b00c0e483c13a6/1452177474354-SJ7JCBL1VW60X0L438L5/image-asset.jpeg,https://www.mymoroccanfood.com/home/okra-and-zucchini-salad
"Quick Pistachio, Lemon Zest and Ras El Hanout Bastila – Or How to Make the Best Out of Your Poultry Leftovers","3 tablespoons olive oil - 500g chopped onions - 3 tablespoons finely chopped coriander - 2 teaspoons finely chopped garlic - 2 tablespoons honey - 1 teaspoon ras el hanout - ½ teaspoon salt or more to taste - 100g unsalted shelled pistachios, roughly ground using a mortar or a nut grinder - 1 tablespoon icing sugar - 1 teaspoon ground cinnamon - 10g unsalted butter - 2 large eggs, plus 1 egg beaten for brushing (optional) - 320g store bought puff pastry sheet - 200g roast (or cooked) chicken or turkey, chopped into small chunks (about 1 cm/0.4 inch) - Zest of two lemons","• In a large non stick pan, heat the olive oil over medium heat. Once the oil is warm, transfer the onions. Lower the heat to medium-low and cover with a lid. Leave until the onions are soft and translucent, about 15 minutes. Stir occasionally.",35,47,82,https://images.squarespace-cdn.com/content/v1/54d4153ce4b00c0e483c13a6/1450869071133-W4RIVCTNG032KFVI1LZF/image-asset.jpeg,https://www.mymoroccanfood.com/home/quick-pistachio-lemon-zest-and-ras-el-hanout-bastila-or-how-to-make-the-best-out-of-your-poultry-left-overs
Kefta and Kale Mac and Cheese ,"40g unsalted butter - ¼ teaspoon cayenne pepper - 40g plain flour - 700ml milk - 180g grated mature cheddar or gruyere or mix of both - Salt and pepper to season - 225g kefta - 1 tablespoon olive oil - 70g chopped kale leaves (stalks discarded) - 350g dried macaroni - 3 tablespoons breadcrumbs, any type","• Start by making the white sauce. Melt the butter in a large deep skillet or saucepan over low heat, then add the flour and cayenne pepper. Stir vividly for 2 minutes using a wooden spoon until you obtain a smooth paste. For your information this paste is called a “roux”.",30,66,96,https://images.squarespace-cdn.com/content/v1/54d4153ce4b00c0e483c13a6/1450368998609-J40DXUQZWN6J5XOM91EG/image-asset.jpeg,https://www.mymoroccanfood.com/home/kefta-and-kale-mac-and-cheese
Fekkas - Moroccan Biscotti ,"3 eggs - 200g caster sugar - 250g plain flour - ¼ teaspoon salt - ½ tablespoon baking powder - 100g dried cranberries - 100g unsalted shelled pistachios - 100g roasted almonds - Zest of a lemon - 100g white chocolate, melted (for decoration, optional) - Sprinkles (for decoration, optional)",• Preheat oven to 180 C (350 F).,27,84,111,https://images.squarespace-cdn.com/content/v1/54d4153ce4b00c0e483c13a6/1449350175948-W6QJODH7WTZ34EVPM9V8/image-asset.jpeg,https://www.mymoroccanfood.com/home/fekkas-moroccan-biscotti
Seffa - Moroccan Chicken With Vermicelli ,"2 tablespoons olive oil - 1 tablespoon unsalted butter - 800g onions, sliced (red or yellow) - 1kg whole chicken cut in pieces or 1 kg chicken legs and thighs - 4 garlic cloves, finely chopped  - 1 ½ teaspoon ground ginger - 1 teaspoon turmeric - ¾ teaspoon ground cinnamon - 1 teaspoon salt or more to taste - ½ teaspoon ground white pepper - 400ml water or chicken stock - Generous pinch saffron - 1 small coriander bouquet, tied - 1 small parsley bouquet, tied - 2 tablespoons honey - 500g uncooked vermicelli (+ 2 tablespoons butter and 1 teaspoon salt to season it once cooked) - 100g dark raisins, soaked in hot water for 20 minutes and drained - 100g roasted almonds, roughly ground - Cinnamon and icing sugar to taste for garnish","• In a large casserole, heat the olive oil over medium heat then the butter and add the onions . Cover with a lid and leave the onions until they are soft and translucent, about 10 min. This will allow to sweat the onions.",14,60,74,https://images.squarespace-cdn.com/content/v1/54d4153ce4b00c0e483c13a6/1448542461065-Y2QIZ76T3CWBC9NWPKU2/image-asset.jpeg,https://www.mymoroccanfood.com/home/seffa-moroccan-chicken-with-vermicelli
Pumpkin Spice Cupcake With Orange Blossom Cream Cheese Frosting,"120g plain flour  (1 cup) - 2 teaspoons pumpkin spice  (or 1/4 allspice, 1/4 ground ginger, 1/4 ground cloves, 1/4 ground nutmeg, 1 ground cinnamon) - ¼ teaspoon baking soda - ¼ teaspoon baking powder - Pinch of salt - 440g pumpkin puree - 200g caster sugar (1 cup) - 2 eggs - 180ml evaporated milk - 1 teaspoon vanilla extract",• Preheat oven to 180 C (350 F).,14,40,54,https://images.squarespace-cdn.com/content/v1/54d4153ce4b00c0e483c13a6/1448318909925-W3F4TH97WGPM7YS7Z78M/image-asset.jpeg,https://www.mymoroccanfood.com/home/pumpkin-spice-cupcake-with-orange-blossom-cream-cheese-frosting
Almondy Honey And Vanilla Layer Cake with Amlou Filling,"250g plain flour - 200g ground almonds - 120g caster sugar - 1 ½ teaspoon baking soda - 1 vanilla bean, scraped - Pinch salt - 150g melted butter - 150g honey - 1 tablespoon vanilla extract - 4 eggs yolks - 6 egg whites",• Preheat oven to 180 C (350 F).,20,62,82,https://images.squarespace-cdn.com/content/v1/54d4153ce4b00c0e483c13a6/1447871242487-0VPFP5A67TP925QHTR0B/image-asset.jpeg,https://www.mymoroccanfood.com/home/almondy-honey-vanilla-layer-cake-with-amlou-filling
Vegan Lentil Stew,"400g dry green lentils (2 cups)  - 2 onions thinly sliced - 4 tablespoons olive oil (1/4 cup) - 600ml water (3 cups) - 2 medium sized tomatoes, grated - 2 teaspoons salt or more to taste - 1 ½ teaspoon ground paprika - ½ teaspoon ground cumin - Generous pinch ground cayenne pepper (optional) - Chopped coriander and lemon wedges for garnish (optional)",• Place all the ingredients in a large deep skillet or casserole (except the garnish).,12,60,72,https://images.squarespace-cdn.com/content/v1/54d4153ce4b00c0e483c13a6/1446742237386-UW8O4M3BS8XBLQ5QCM7Q/image-asset.jpeg,https://www.mymoroccanfood.com/home/vegetarian-lentil-stew
Amlou,"250g roasted unpeeled almonds - 80ml argan oil - 80ml honey - ½ teaspoon flaky salt, such as maldon - Generous sprinkle of cinnamon (optional) ",• Grind the roasted almonds in a food processor until finely ground and transfer in a medium sized bowl. ,58,78,136,https://images.squarespace-cdn.com/content/v1/54d4153ce4b00c0e483c13a6/1446569757455-TLGGCWODO61TPD9473QZ/image-asset.jpeg,https://www.mymoroccanfood.com/home/2015/amlou
Moroccan Spiced Squash and Lentil Veggie Burger Patties,"50g coarsely ground rolled oats and more for dusting  - 2 teaspoons olive oil and for cooking the burgers - 1 medium onion, finely chopped - 300g squash cooked, drained and peeled (any type of squash works) - 200g cooked brown lentils, drained (1 cup) - 100g cooked black beans, drained (1/2 cup) - 1 egg - 2 garlic cloves, finely chopped - 1 teaspoon cumin - 1 teaspoon ground coriander - 1 teaspoon ginger - 1 teaspoon salt or more to taste ",• Ground the oats in a nut grinder or a food processor to obtain a coarsely ground oat flour.,38,19,57,https://images.squarespace-cdn.com/content/v1/54d4153ce4b00c0e483c13a6/1441368282785-RT0LNSSCVNP0VLEHEL4S/Veggie+Burger+-+9.jpg,https://www.mymoroccanfood.com/home/2015/9/4/moroccan-spiced-squash-and-lentil-veggie-burger-patties
Moroccan Carrot Salad ,"500g carrots, peeled and sliced or chopped - 2 garlic cloves, unpeeled - 3 tablespoons finely chopped coriander  - 3 tablespoons finely chopped parlsey  - 1 teaspoon ground paprika - 1 teaspoon ground cumin - 2 tablespoons white wine vinegar  - 2 tablespoons olive oil  - 2 teaspoons pomegranate molasses (optional) - Salt to season","•  In a medium sized pan, bring water to the boil, add the carrots and the garlic cloves. Reduce the heat to medium and gently cook the carrots until lightly crisp and tender, about 10 to 20 minutes depending on the size of your sliced/chopped carrots.",20,0,20,https://images.squarespace-cdn.com/content/v1/54d4153ce4b00c0e483c13a6/1440012819494-5LHS38MV982S0H0K2GZJ/image-asset.jpeg,https://www.mymoroccanfood.com/home/moroccan-carrot-salad
Moroccan Semolina Bread + Fig and Tahini Pinwheel Semolina Bread ,2 teaspoons caster sugar + 1/4 teaspoon  caster sugar to activate the yeast  - 1 tablespoon dry yeast - 250ml water - 250ml milk - 300g fine semolina and more for flouring  - 280g white flour  - 3 tablespoons olive oil - 2 teaspoons salt,• Activate the dry yeast by adding ¼ teaspoon of sugar and a tablespoon of lukewarm water in a small bowl. Stir with a fork and leave for 5 to 10 minutes until foamy.,14,28,42,https://images.squarespace-cdn.com/content/v1/54d4153ce4b00c0e483c13a6/1439664908488-X1R2G1UEQ4UVH8NGK16N/image-asset.jpeg,https://www.mymoroccanfood.com/home/moroccan-semolina-bread-fig-and-tahini-pinwheel
Quinoa and Shrimp Stuffed Squid Tagine,"3 tablespoons olive oil - 3 medium sized onions (500g), sliced - 2 cans peeled tomato (400g/14 oz.) or 10 ripe peeled tomatoes, chopped - 3 bell peppers, any colour, seeded and julienned - 2 tablespoons finely chopped fresh coriander and more for garnish  - 1 teaspoon paprika - ½ teaspoon cinnamon - ½ teaspoon cumin - 1 teaspoon salt, or more to taste - 1 teaspoon caster sugar","• Transfer the olive oil and the onions in a large casserole over medium heat. Cover with a lid and stir occasionally, until the onions are soft and translucent, about 12 to 15 minutes.",23,42,65,https://images.squarespace-cdn.com/content/v1/54d4153ce4b00c0e483c13a6/1439313084957-64SYE1RLL4DQP6O5S2U0/image-asset.png,https://www.mymoroccanfood.com/home/quinoa-and-shrimp-stuffed-squid-tagine
Feta and Preserved Lemon Mini Cheese Pie,"200g feta - 2 tablespoons chopped preserved lemon - 1 tablespoon dried mint - 1 garlic clove, finely chopped - 2 tablespoons milk - 320g store bought puff pastry sheet - 3 tablespoons sesame seed - 1 egg yolk",• Preheat oven to 200 C (390 F). ,34,47,81,https://images.squarespace-cdn.com/content/v1/54d4153ce4b00c0e483c13a6/1438950089599-FTDL1VXWLEODTQ9FAZQJ/image-asset.jpeg,https://www.mymoroccanfood.com/home/feta-and-preserved-lemon-mini-cheese-pie
Beef Kebab + Grilled tomato and green pepper salad  (chlada mechouia),500 gr grilling steak such as fillet or sirloin cut in 3 cm (2 inch) pieces - 3 tablespoons very finely chopped parsley - 3 tablespoons very finely chopped coriander - 2 red onions very finely chopped - 1 teaspoon salt or more to taste,METHOD,16,79,95,https://images.squarespace-cdn.com/content/v1/54d4153ce4b00c0e483c13a6/1438688966867-3ZBJ8QJUP0BDBPUJ9IJM/image-asset.jpeg,https://www.mymoroccanfood.com/home/2015/8/4/beef-kebab-grilled-tomato-and-green-pepper-salad-chlada-mechouia
Honey and Saffron Glazed Peach Galette,"300g store-bought or home-made shortcrust pastry - 2 tablespoons honey - 1 tablespoon lemon juice - 1 generous pinch saffron - 1 teaspoon butter - 6 to 7 ripe peaches, peeled and sliced into segments (450 gr sliced and peeled peach segments) - 60 to 80g light brown sugar such as muscavado - 2 tablespoons corn flour (corn starch)  - 1 teaspoon cinnamon (optional) - Pinch of salt - 1 beaten egg (for decoration) - 2 tablespoons almond flakes (for decoration) - 1 tablespoon caster sugar (for decoration)",• Preheat oven to 200 C (390 F),32,22,54,https://images.squarespace-cdn.com/content/v1/54d4153ce4b00c0e483c13a6/1438345083528-E6K4IHRXUM3NSIIW4DU4/image-asset.jpeg,https://www.mymoroccanfood.com/home/2015/7/31/honey-and-saffron-glazed-peach-galette
Spring Rolls + Sweet and Savoury Chermoula Sauce,"6-8 rice papers sheets - 1 large chicken breast, poached and sliced - 1 bundle angel hair, cooked, drained and cooled (60 gr uncooked) - 1 large zucchini, julienned - 1 large carrot, julienned - 1 red bell pepper, seeded and julienned - 1 apple, julienned (optional) - 6 to 10 coriander sprigs - A handful mint leaves","• To make the sauce, mix all the ingredients together and stir until smooth. ",14,50,64,https://images.squarespace-cdn.com/content/v1/54d4153ce4b00c0e483c13a6/1438205448106-TZ3FK9FJ44IF47BJZ2ZD/image-asset.jpeg,https://www.mymoroccanfood.com/home/spring-rolls-sweet-and-savoury-chermoula-sauce
No Churn Ice Cream Shortbread Sandwich – Salted Caramel and Anise Ice Cream + Peanut Silly Ghriba,400ml double cream - 397g carnation caramel or dulce de leche - 2 teaspoons salt flakes (such as Maldon salt) or more to taste - 2 teaspoons ground anise or more to taste,"• In a large bowl use an electric mixer to bring the double cream to stiff peaks. It will take about 5 minutes so be patient but make sure you don’t over whisk the double cream as it might curdle (if it happens, add a bit of milk and slowly whisk again). ",7,85,92,https://images.squarespace-cdn.com/content/v1/54d4153ce4b00c0e483c13a6/1437821299152-8YBNDMNX98J3FTSOYQIZ/image-asset.png,https://www.mymoroccanfood.com/home/2015/7/23/no-churn-ice-cream-shortbread-sandwich-salted-caramel-and-anis-ice-cream-peanut-silly-ghriba
Stuffed Msemen (Rghaif) – Stuffed Moroccan Flatbread ,"2 tablespoons olive oil  - 4 large onions, finely chopped - 2 large red bell peppers, finely chopped (<1 cm pieces) - 2 large green bell peppers, finely chopped in (<1 cm pieces) - 3 tablespoons chopped fresh parsley - 2 teaspoons ground sweet paprika - 1 teaspoon ground cumin - 1 ½ teaspoon salt, or more to taste - ½ teaspoon ground cayenne pepper (optional) - 200g minced beef","• In a large casserole, heat the olive oil and add the onions over medium heat. Cover with a lid and leave the onions until they are soft and translucent, about 10 min. This will allow sweating the onions. Add in the chopped peppers, the herbs, the spices,and the salt and cover the casserole with a lid. Leave until the peppers are cooked and soft, about 5 – 7 min. Stir occasionally.",9,41,50,https://images.squarespace-cdn.com/content/v1/54d4153ce4b00c0e483c13a6/1436976210209-09I2G7NICUFIQLS8602K/image-asset.jpeg,https://www.mymoroccanfood.com/home/stuffed-msemen-rghaeif-stuffed-moroccan-flatbread
Orange Blossom and Mint Lemonade ,"1 liter water (4 cups) - 160g to 220g caster sugar, according to your taste - 250ml lemon juice (1 cup - juice of 6 to 8 lemons) - 2 tablespoons orange blossom water  - A handful of mint leaves - Juice of an orange - Ice cubes, to serve",METHOD,19,31,50,https://images.squarespace-cdn.com/content/v1/54d4153ce4b00c0e483c13a6/1436455903488-CG03NN0NID41H1T2OVLB/image-asset.jpeg,https://www.mymoroccanfood.com/home/2015/7/9/orange-blossom-and-mint-lemonade
Molten Chocolate Cake with Almond Butter + Orange Blossom Filling ,"Cocoa powder, for the moulds - 100g unsalted butter + 20g unsalted butter, at room temperature for the moulds - 200g dark chocolate, chopped - 100g caster sugar - 4 eggs - 50g plain flour",• Preheat oven to 200 C (390 F),12,73,85,https://images.squarespace-cdn.com/content/v1/54d4153ce4b00c0e483c13a6/1436283374519-6HE85OXTQF2ZR3XKS3RJ/image-asset.jpeg,https://www.mymoroccanfood.com/home/2015/7/7/molten-chocolate-cake-with-almond-butter-orange-blossom-filling
Radish and Apple Salad + Rose Water and Anchovy Yoghurt Dressing,"100g radishes, finely sliced - 2 granny smith apples, finely sliced and cut in 3 cm pieces - 100g roasted pistachios, ground  - 1 pomegranate, deseeded - 150g washed baby leaf lettuce (or any type of lettuce)",.• Mix the dressing ingredients together until smooth. I don’t recommend adding salt because the anchovies should be salty enough but feel free to do so after tasting the dressing.,5,26,31,https://images.squarespace-cdn.com/content/v1/54d4153ce4b00c0e483c13a6/1435845529761-FTP0DU1VWL0FSZ37FFZG/image-asset.jpeg,https://www.mymoroccanfood.com/home/2015/7/2/radish-and-apple-salad-rose-water-and-anchovy-dressing-1
Cardamom and Orange Scones ,"225g self-raising flour*, plus extra to dust - ½ teaspoon salt - zest of 1 orange, about 1 tablespoon - 1 teaspoon ground cardamom (or ¾ teaspoon freshly ground cardamom) - 60g unsalted cold butter, cut in 1 cm cubes - 40g caster sugar - 150ml milk - beaten egg for egg wash (optional)",• Preheat oven to 200 C (390 F).,30,28,58,https://images.squarespace-cdn.com/content/v1/54d4153ce4b00c0e483c13a6/1435688888050-SAADCE8LA7T85UDJBNMP/image-asset.jpeg,https://www.mymoroccanfood.com/home/cardamom-and-orange-scones
Orange and Fennel Tagine with Chicken ,"1kg whole chicken cut in pieces - 2 tablespoons olive oil - 3 onions, chopped (600g) - 2 large fennel bulbs - discard the stalks and the dill, sliced (600g)  - 100g raisins - 1 cup water (250ml)  - 1 orange, peel cut into strips and juiced - 1 red chilli pepper, seeded and chopped (if desired) - 4 garlic cloves, finely chopped - 1 ½ teaspoon salt or more to taste - 1 teaspoon ground coriander - 1 teaspoon ground turmeric - 1 teaspoon ground ginger - ½ teaspoon cumin","• In a large casserole warm the olive oil over medium high heat. Once the oil is warm, transfer the rest of the ingredients and lower the heat to low high (don't forget the orange juice). Stir gently, cover the casserole with a lid and let simmer for 40 minutes.",20,46,66,https://images.squarespace-cdn.com/content/v1/54d4153ce4b00c0e483c13a6/1435235986783-WQG34AO9TDDWTD527GA4/image-asset.jpeg,https://www.mymoroccanfood.com/home/orange-and-fennel-tagine-with-chicken
Preserved Lemons,5 lemons - 10 teaspoons salt - 150ml lemon juice,• Half the lemons lengthwise from their tops to within 2 cm on one side (stopping just short of the stem end) and repeat the same process on the opposite perpendicular side.,18,33,51,https://images.squarespace-cdn.com/content/v1/54d4153ce4b00c0e483c13a6/1435141121273-FNUINVC5VOCXINH1RC8O/image-asset.jpeg,https://www.mymoroccanfood.com/home/2015/6/24/preserved-lemons
Almond and Honey Briouate - Dairy Free (Coconut Oil),"300g blanched almonds - 80g caster sugar - 2 tablespoons olive oil - 3 tablespoons orange blossom water, divided - 1 teaspoon cinnamon - 1 teaspoon salt - 20g coconut oil, solid (check notes for butter) - 20g coconut oil, melted (check notes for butter) - 200g filo pastry - 300g honey - Ground nuts or chopped dried fruits for decoration",• Preheat oven to 160 C (320 F).,18,78,96,https://images.squarespace-cdn.com/content/v1/54d4153ce4b00c0e483c13a6/1434650910436-USHLO9U2MABNHVPBH7NJ/image-asset.jpeg,https://www.mymoroccanfood.com/home/2015/6/18/almond-honey-briouates-dairy-free-coconut-oil
Harira - Gluten and Dairy Free ,"1 tablespoon olive oil - 300g braising beef or lamb, boneless, trimmed of excess fat and cut in 3 cm pieces (i.e. shoulder, neck fillet, beef shin, etc)  - 1 small onion (100g), finely chopped - 1 tablespoon chopped fresh parsley - 1 tablespoon tomato paste - 1 teaspoon ground turmeric - ½  teaspoon ground black pepper - ¼ teaspoon ground ginger - 1 ½ teaspoon salt or more to taste - Pinch saffron  - 70g dried chickpeas, soaked overnight and drained (or 140 gr canned chickpeas, drained) - 6 large tomatoes,grated - 100g celery, finely chopped - 80g green lentils - 3 tablespoons cornflour - 2 tablespoons chopped fresh coriander - Lemon wedges to serve ","• In a large casserole warm the olive oil over medium heat and add the meat, the onion and the spices. Leave for 5 to 10 minutes to lightly brown the meat and sweat the onions. Stir occasionally.",12,56,68,https://images.squarespace-cdn.com/content/v1/54d4153ce4b00c0e483c13a6/1434555047992-7GCB39WFXZBYVI0LKGIW/image-asset.jpeg,https://www.mymoroccanfood.com/home/harira-gluten-and-dairy-free
Sweet Potato and Harissa Cashew Butter Salsa Taco  ,"500g sweet potatoes, cut in pieces (2 cm length - 1/2 cm thick)   - 2 onions, sliced (400 g) - 200ml vegetable or beef stock - Zest of 2 lemons  - 3 tablespoons lemon juice - 2 tablespoons fresh coriander roughly chopped - 1½ teaspoon ras el hanout - 1 teaspoon salt, ore more to taste",Cashew butter and harissa salsa,27,82,109,https://images.squarespace-cdn.com/content/v1/54d4153ce4b00c0e483c13a6/1434021817215-TFQJ7GIJ7STKSZORBYY6/image-asset.jpeg,https://www.mymoroccanfood.com/home/sweet-potato-and-harissa-cashew-butter-salsa-taco
